USE crime_db;

DELETE FROM Victim;
DELETE FROM Coordinates;
DELETE FROM Times;
DELETE FROM Crime_Records;
DELETE FROM Crime;
DELETE FROM Area;
DELETE FROM Weapon;

INSERT INTO Weapon VALUES
(200,'KNIFE WITH BLADE 6INCHES OR LESS'),
(500, 'UNKNOWN WEAPON/OTHER WEAPON');

INSERT INTO Area VALUES
(15, 'N Hollywood'),
(9, 'Van Nuys'),
(7, 'Wilshire'),
(14,'Pacific'),
(4, 'Hollenbeck'),
(3, 'Southwest'),
(11, 'Northeast'),
(17, 'Devonshire'),
(21, 'Topanga');

INSERT INTO Crime VALUES
(354,'THEFT OF IDENTITY'),
(230,'ASSAULT WITH DEADLY WEAPON, AGGRAVATED ASSAULT'),
(331,'THEFT FROM MOTOR VEHICLE - GRAND ($950.01 AND OVER)'),
(420,'THEFT FROM MOTOR VEHICLE - PETTY ($950 & UNDER)'),
(812, 'CRM AGNST CHLD (13 OR UNDER) (14-15 & SUSP 10 YRS OLDER)');


INSERT INTO Crime_Records VALUES
(211507896, NULL, 15, 354), 
(201516622, 200, 15, 230),
(240913563, NULL, 9, 354),
(210704711, NULL, 7, 331),
(201418201, NULL, 14, 420),
(240412063, NULL, 4, 354),
(240317069, NULL, 3, 354),
(201115217, 500, 11, 812),
(241708596, NULL, 17, 354),
(242113813, NULL, 21, 354);

INSERT INTO Times VALUES
(211507896, '2021-04-11', '2020-11-07', '08:45:00'),
(201516622, '2020-10-21', '2020-10-18', '18:45:00'),
(240913563, '2024-12-10', '2020-10-30', '12:40:00'),
(210704711, '2020-12-24', '2020-12-24', '13:10:00'),
(201418201, '2020-10-03', '2020-09-29', '18:30:00'),
(240412063, '2024-12-11', '2020-11-11', '12:10:00'),
(240317069, '2024-12-16', '2020-04-16', '13:50:00'),
(201115217, '2020-10-29', '2020-07-07', '14:00:00'),
(241708596, '2024-04-20', '2020-03-02', '12:00:00'),
(242113813, '2024-12-18', '2020-09-01', '09:00:00');

INSERT INTO Coordinates VALUES
(211507896, 34.2124, -118.4092),
(201516622, 34.1993, -118.4203),
(240913563, 34.1847, -118.4509),
(210704711, 34.0339, -118.3747),
(201418201, 33.9813, -118.4350),
(240412063, 34.0830, -118.1678),
(240317069, 34.0100, -118.2900),
(201115217, 34.1107, -118.2589),
(241708596, 34.2763, -118.5210),
(242113813, 34.1493, -118.5886);

INSERT INTO Victim VALUES
(211507896, 31, 'M', 'H'),
(201516622, 32, 'M', 'H'),
(240913563, 30, 'M', 'W'),
(210704711, 47, 'F', 'A'),
(201418201, 63, 'M', 'H'),
(240412063, 35, 'M', 'B'),
(240317069, 21, 'F', 'B'),
(201115217, 14, 'F', 'H'),
(241708596, 43, 'M', 'W'),
(242113813, 57, 'M', 'W');


