USE crime_db;

DELETE FROM Victim;
DELETE FROM Coordinates;
DELETE FROM Times;
DELETE FROM Crime_Records;
DELETE FROM Crime;
DELETE FROM Area;
DELETE FROM Weapon;

INSERT INTO Area VALUES (15, 'N Hollywood');
INSERT INTO Crime VALUES (354, 'THEFT OF IDENTITY');
INSERT INTO Crime_Records VALUES (211507896, NULL, 15, 354);
INSERT INTO Times VALUES (211507896, '2021-04-11', '2020-11-07', '08:45:00');
INSERT INTO Coordinates VALUES (211507896, 34.2124, -118.4092);
INSERT INTO Victim VALUES (211507896, 31, 'M', 'H');
INSERT INTO Crime VALUES (230, 'ASSAULT WITH DEADLY WEAPON, AGGRAVATED ASSAULT');
INSERT INTO Weapon VALUES (200, 'KNIFE WITH BLADE 6INCHES OR LESS');
INSERT INTO Crime_Records VALUES (201516622, 200, 15, 230);
INSERT INTO Times VALUES (201516622, '2020-10-21', '2020-10-18', '18:45:00');
INSERT INTO Coordinates VALUES (201516622, 34.1993, -118.4203);
INSERT INTO Victim VALUES (201516622, 32, 'M', 'H');
INSERT INTO Area VALUES (9, 'Van Nuys');
INSERT INTO Crime_Records VALUES (240913563, NULL, 9, 354);
INSERT INTO Times VALUES (240913563, '2024-12-10', '2020-10-30', '12:40:00');
INSERT INTO Coordinates VALUES (240913563, 34.1847, -118.4509);
INSERT INTO Victim VALUES (240913563, 30, 'M', 'W');
INSERT INTO Area VALUES (7, 'Wilshire');
INSERT INTO Crime VALUES (331, 'THEFT FROM MOTOR VEHICLE - GRAND ($950.01 AND OVER)');
INSERT INTO Crime_Records VALUES (210704711, NULL, 7, 331);
INSERT INTO Times VALUES (210704711, '2020-12-24', '2020-12-24', '13:10:00');
INSERT INTO Coordinates VALUES (210704711, 34.0339, -118.3747);
INSERT INTO Victim VALUES (210704711, 47, 'F', 'A');
INSERT INTO Area VALUES (14, 'Pacific');
INSERT INTO Crime VALUES (420, 'THEFT FROM MOTOR VEHICLE - PETTY ($950 & UNDER)');
INSERT INTO Crime_Records VALUES (201418201, NULL, 14, 420);
INSERT INTO Times VALUES (201418201, '2020-10-03', '2020-09-29', '18:30:00');
INSERT INTO Coordinates VALUES (201418201, 33.9813, -118.435);
INSERT INTO Victim VALUES (201418201, 63, 'M', 'H');
INSERT INTO Area VALUES (4, 'Hollenbeck');
INSERT INTO Crime_Records VALUES (240412063, NULL, 4, 354);
INSERT INTO Times VALUES (240412063, '2024-12-11', '2020-11-11', '12:10:00');
INSERT INTO Coordinates VALUES (240412063, 34.083, -118.1678);
INSERT INTO Victim VALUES (240412063, 35, 'M', 'B');
INSERT INTO Area VALUES (3, 'Southwest');
INSERT INTO Crime_Records VALUES (240317069, NULL, 3, 354);
INSERT INTO Times VALUES (240317069, '2024-12-16', '2020-04-16', '13:50:00');
INSERT INTO Coordinates VALUES (240317069, 34.01, -118.29);
INSERT INTO Victim VALUES (240317069, 21, 'F', 'B');
INSERT INTO Area VALUES (11, 'Northeast');
INSERT INTO Crime VALUES (812, 'CRM AGNST CHLD (13 OR UNDER) (14-15 & SUSP 10 YRS OLDER)');
INSERT INTO Weapon VALUES (500, 'UNKNOWN WEAPON/OTHER WEAPON');
INSERT INTO Crime_Records VALUES (201115217, 500, 11, 812);
INSERT INTO Times VALUES (201115217, '2020-10-29', '2020-07-07', '14:00:00');
INSERT INTO Coordinates VALUES (201115217, 34.1107, -118.2589);
INSERT INTO Victim VALUES (201115217, 14, 'F', 'H');
INSERT INTO Area VALUES (17, 'Devonshire');
INSERT INTO Crime_Records VALUES (241708596, NULL, 17, 354);
INSERT INTO Times VALUES (241708596, '2024-04-20', '2020-03-02', '12:00:00');
INSERT INTO Coordinates VALUES (241708596, 34.2763, -118.521);
INSERT INTO Victim VALUES (241708596, 43, 'M', 'W');
INSERT INTO Area VALUES (21, 'Topanga');
INSERT INTO Crime_Records VALUES (242113813, NULL, 21, 354);
INSERT INTO Times VALUES (242113813, '2024-12-18', '2020-09-01', '09:00:00');
INSERT INTO Coordinates VALUES (242113813, 34.1493, -118.5886);
INSERT INTO Victim VALUES (242113813, 57, 'M', 'W');
INSERT INTO Area VALUES (6, 'Hollywood');
INSERT INTO Weapon VALUES (400, 'STRONG-ARM (HANDS, FIST, FEET OR BODILY FORCE)');
INSERT INTO Crime_Records VALUES (240605846, 400, 6, 812);
INSERT INTO Times VALUES (240605846, '2024-02-06', '2020-06-20', '00:01:00');
INSERT INTO Coordinates VALUES (240605846, 34.0878, -118.3146);
INSERT INTO Victim VALUES (240605846, 13, 'M', 'H');
INSERT INTO Area VALUES (20, 'Olympic');
INSERT INTO Crime_Records VALUES (242014110, NULL, 20, 354);
INSERT INTO Times VALUES (242014110, '2024-12-18', '2020-11-17', '13:20:00');
INSERT INTO Coordinates VALUES (242014110, 34.0672, -118.3016);
INSERT INTO Victim VALUES (242014110, 34, 'F', 'A');
INSERT INTO Crime VALUES (510, 'VEHICLE - STOLEN');
INSERT INTO Crime_Records VALUES (202113531, NULL, 21, 510);
INSERT INTO Times VALUES (202113531, '2020-09-06', '2020-09-05', '15:00:00');
INSERT INTO Coordinates VALUES (202113531, 34.1938, -118.5631);
INSERT INTO Area VALUES (16, 'Foothill');
INSERT INTO Crime VALUES (440, 'THEFT PLAIN - PETTY ($950 & UNDER)');
INSERT INTO Crime_Records VALUES (211607282, NULL, 16, 440);
INSERT INTO Times VALUES (211607282, '2021-04-25', '2021-04-25', '03:00:00');
INSERT INTO Coordinates VALUES (211607282, 34.2293, -118.3675);
INSERT INTO Victim VALUES (211607282, 32, 'M', 'H');
INSERT INTO Crime_Records VALUES (210614453, NULL, 6, 440);
INSERT INTO Times VALUES (210614453, '2021-08-17', '2021-07-13', '15:25:00');
INSERT INTO Coordinates VALUES (210614453, 34.1015, -118.3434);
INSERT INTO Victim VALUES (210614453, 49, 'M', 'W');
INSERT INTO Crime_Records VALUES (211115048, NULL, 11, 420);
INSERT INTO Times VALUES (211115048, '2021-11-05', '2021-11-05', '17:00:00');
INSERT INTO Coordinates VALUES (211115048, 34.0966, -118.2426);
INSERT INTO Victim VALUES (211115048, 30, 'M', 'H');
INSERT INTO Area VALUES (8, 'West LA');
INSERT INTO Crime VALUES (341, 'THEFT-GRAND ($950.01 & OVER)EXCPT,GUNS,FOWL,LIVESTK,PROD');
INSERT INTO Crime_Records VALUES (210811260, NULL, 8, 341);
INSERT INTO Times VALUES (210811260, '2021-07-04', '2021-03-26', '09:30:00');
INSERT INTO Coordinates VALUES (210811260, 34.0546, -118.3806);
INSERT INTO Victim VALUES (210811260, 56, 'F', 'O');
INSERT INTO Crime VALUES (310, 'BURGLARY');
INSERT INTO Crime_Records VALUES (201710725, NULL, 17, 310);
INSERT INTO Times VALUES (201710725, '2020-07-03', '2020-07-02', '05:00:00');
INSERT INTO Coordinates VALUES (201710725, 34.2427, -118.582);
INSERT INTO Victim VALUES (201710725, 0, 'X', 'X');
INSERT INTO Crime VALUES (330, 'BURGLARY FROM VEHICLE');
INSERT INTO Crime_Records VALUES (201406733, NULL, 14, 330);
INSERT INTO Times VALUES (201406733, '2020-02-16', '2020-02-13', '23:00:00');
INSERT INTO Coordinates VALUES (201406733, 34.024, -118.409);
INSERT INTO Victim VALUES (201406733, 32, 'M', 'W');
INSERT INTO Area VALUES (2, 'Rampart');
INSERT INTO Crime_Records VALUES (210207095, NULL, 2, 510);
INSERT INTO Times VALUES (210207095, '2021-03-19', '2021-03-18', '11:00:00');
INSERT INTO Coordinates VALUES (210207095, 34.0812, -118.2992);
INSERT INTO Crime_Records VALUES (201405970, NULL, 14, 440);
INSERT INTO Times VALUES (201405970, '2020-02-01', '2020-02-01', '16:58:00');
INSERT INTO Coordinates VALUES (201405970, 33.944, -118.4073);
INSERT INTO Victim VALUES (201405970, 39, 'M', 'O');
INSERT INTO Crime_Records VALUES (210906427, NULL, 9, 440);
INSERT INTO Times VALUES (210906427, '2021-03-01', '2021-03-01', '14:09:00');
INSERT INTO Coordinates VALUES (210906427, 34.1685, -118.4662);
INSERT INTO Victim VALUES (210906427, 27, 'F', 'B');
INSERT INTO Area VALUES (12, '77th Street');
INSERT INTO Crime VALUES (210, 'ROBBERY');
INSERT INTO Crime_Records VALUES (211218123, 400, 12, 210);
INSERT INTO Times VALUES (211218123, '2021-08-21', '2021-08-21', '23:51:00');
INSERT INTO Coordinates VALUES (211218123, 33.9897, -118.2915);
INSERT INTO Victim VALUES (211218123, 51, 'F', 'B');
INSERT INTO Area VALUES (1, 'Central');
INSERT INTO Crime_Records VALUES (210117207, NULL, 1, 341);
INSERT INTO Times VALUES (210117207, '2021-09-16', '2021-09-16', '15:00:00');
INSERT INTO Coordinates VALUES (210117207, 34.0477, -118.2637);
INSERT INTO Victim VALUES (210117207, 24, 'M', 'B');
INSERT INTO Area VALUES (18, 'Southeast');
INSERT INTO Crime VALUES (626, 'INTIMATE PARTNER - SIMPLE ASSAULT');
INSERT INTO Crime_Records VALUES (201820230, 400, 18, 626);
INSERT INTO Times VALUES (201820230, '2020-11-08', '2020-11-08', '07:30:00');
INSERT INTO Coordinates VALUES (201820230, 33.9383, -118.2652);
INSERT INTO Victim VALUES (201820230, 26, 'F', 'B');
INSERT INTO Crime_Records VALUES (210909634, NULL, 9, 330);
INSERT INTO Times VALUES (210909634, '2021-05-24', '2021-05-19', '11:35:00');
INSERT INTO Coordinates VALUES (210909634, 34.1505, -118.4622);
INSERT INTO Victim VALUES (210909634, 52, 'M', 'W');
INSERT INTO Crime_Records VALUES (210807527, NULL, 8, 440);
INSERT INTO Times VALUES (210807527, '2021-03-28', '2021-03-28', '16:52:00');
INSERT INTO Coordinates VALUES (210807527, 34.0611, -118.4184);
INSERT INTO Victim VALUES (210807527, 57, 'F', 'O');
INSERT INTO Crime VALUES (946, 'OTHER MISCELLANEOUS CRIME');
INSERT INTO Crime_Records VALUES (211208132, NULL, 12, 946);
INSERT INTO Times VALUES (211208132, '2021-03-06', '2021-03-05', '07:00:00');
INSERT INTO Coordinates VALUES (211208132, 33.9667, -118.2889);
INSERT INTO Victim VALUES (211208132, 45, 'F', 'H');
INSERT INTO Crime VALUES (624, 'BATTERY - SIMPLE ASSAULT');
INSERT INTO Crime_Records VALUES (201707577, 500, 17, 624);
INSERT INTO Times VALUES (201707577, '2020-03-20', '2020-03-20', '13:20:00');
INSERT INTO Coordinates VALUES (201707577, 34.2572, -118.5885);
INSERT INTO Victim VALUES (201707577, 21, 'F', 'W');
INSERT INTO Crime_Records VALUES (201514848, NULL, 15, 310);
INSERT INTO Times VALUES (201514848, '2020-09-04', '2020-08-17', '04:00:00');
INSERT INTO Coordinates VALUES (201514848, 34.17, -118.3722);
INSERT INTO Victim VALUES (201514848, 0, 'M', 'W');
